CREATE DATABASE  IF NOT EXISTS `capstone` /*!40100 DEFAULT CHARACTER SET utf8mb4 COLLATE utf8_general_ci */;
USE `capstone`;
-- MySQL dump 10.13  Distrib 8.0.13, for Win64 (x86_64)
--
-- Host: localhost    Database: capstone
-- ------------------------------------------------------
-- Server version	8.0.13

/*!40101 SET @OLD_CHARACTER_SET_CLIENT=@@CHARACTER_SET_CLIENT */;
/*!40101 SET @OLD_CHARACTER_SET_RESULTS=@@CHARACTER_SET_RESULTS */;
/*!40101 SET @OLD_COLLATION_CONNECTION=@@COLLATION_CONNECTION */;
 SET NAMES utf8 ;
/*!40103 SET @OLD_TIME_ZONE=@@TIME_ZONE */;
/*!40103 SET TIME_ZONE='+00:00' */;
/*!40014 SET @OLD_UNIQUE_CHECKS=@@UNIQUE_CHECKS, UNIQUE_CHECKS=0 */;
/*!40014 SET @OLD_FOREIGN_KEY_CHECKS=@@FOREIGN_KEY_CHECKS, FOREIGN_KEY_CHECKS=0 */;
/*!40101 SET @OLD_SQL_MODE=@@SQL_MODE, SQL_MODE='NO_AUTO_VALUE_ON_ZERO' */;
/*!40111 SET @OLD_SQL_NOTES=@@SQL_NOTES, SQL_NOTES=0 */;

--
-- Table structure for table `area`
--

DROP TABLE IF EXISTS `area`;
/*!40101 SET @saved_cs_client     = @@character_set_client */;
 SET character_set_client = utf8mb4 ;
CREATE TABLE `area` (
  `Area_ID` int(11) NOT NULL,
  `Area_Name` varchar(45) DEFAULT NULL,
  PRIMARY KEY (`Area_ID`)
) ENGINE=InnoDB DEFAULT CHARSET=utf8mb4 COLLATE=utf8_general_ci;
/*!40101 SET character_set_client = @saved_cs_client */;

--
-- Dumping data for table `area`
--

LOCK TABLES `area` WRITE;
/*!40000 ALTER TABLE `area` DISABLE KEYS */;
INSERT INTO `area` VALUES (1,'Purposes and Objectives'),(2,'Faculty'),(3,'Instruction'),(4,'Library'),(5,'Laboratories'),(6,'Physial Plan'),(7,'Student Services'),(8,'Administration'),(9,'School and Community');
/*!40000 ALTER TABLE `area` ENABLE KEYS */;
UNLOCK TABLES;

--
-- Table structure for table `documents`
--

DROP TABLE IF EXISTS `documents`;
/*!40101 SET @saved_cs_client     = @@character_set_client */;
 SET character_set_client = utf8mb4 ;
CREATE TABLE `documents` (
  `Document_ID` int(11) NOT NULL AUTO_INCREMENT,
  `Document_Name` varchar(45) NOT NULL,
  `Document_Route` varchar(100) NOT NULL,
  `Document_Desc` varchar(300) DEFAULT 'No Description Given.',
  `Document_Ext` varchar(45) NOT NULL,
  PRIMARY KEY (`Document_ID`)
) ENGINE=InnoDB AUTO_INCREMENT=28 DEFAULT CHARSET=utf8mb4 COLLATE=utf8_general_ci;
/*!40101 SET character_set_client = @saved_cs_client */;

--
-- Dumping data for table `documents`
--

LOCK TABLES `documents` WRITE;
/*!40000 ALTER TABLE `documents` DISABLE KEYS */;
INSERT INTO `documents` VALUES (20,'IMAGE TEST','uploads/picture.jpg','TESTING TESTING ','.jpg'),(21,'DOCUMENT TEST','uploads/asean.docx','DOCUMENT TESTING TESTING','.docx'),(22,'Test File','uploads/GEFILIFINALPRESENTATION.pdf','Hi','.pdf'),(23,'Test','uploads/Jeld-RentalReceipt.docx','Test','.docx'),(24,'wsdfawqefq','uploads/05UsersandFilePermissionsv2.pptx','wefqwefqw','.pptx'),(25,'ewqfqfeqefqwefqwefq','uploads/LSDC-Folk-Attendance.pdf','qfwefqwefqwefqwefqewf','.pdf'),(26,'TEST PPTX','uploads/05UsersandFilePermissionsv2.pptx','TESTING','.pptx'),(27,'Network Test','uploads/__ai_chan_getsuyoubi_no_tawawa_drawn_by_himura_kiseki__351255e59b8f196938aa0f378be7a6f1.png','Tawawa','.png');
/*!40000 ALTER TABLE `documents` ENABLE KEYS */;
UNLOCK TABLES;

--
-- Table structure for table `group`
--

DROP TABLE IF EXISTS `group`;
/*!40101 SET @saved_cs_client     = @@character_set_client */;
 SET character_set_client = utf8mb4 ;
CREATE TABLE `group` (
  `Group_ID` int(11) NOT NULL AUTO_INCREMENT,
  `Group_Name` varchar(45) DEFAULT NULL,
  `Area_ID` int(11) DEFAULT NULL,
  PRIMARY KEY (`Group_ID`)
) ENGINE=InnoDB AUTO_INCREMENT=20 DEFAULT CHARSET=utf8mb4 COLLATE=utf8_general_ci;
/*!40101 SET character_set_client = @saved_cs_client */;

--
-- Dumping data for table `group`
--

LOCK TABLES `group` WRITE;
/*!40000 ALTER TABLE `group` DISABLE KEYS */;
INSERT INTO `group` VALUES (1,'Analysis',1),(2,'Evaluation',1),(3,'Analysis',2),(4,'Evaluation',2),(5,'Analysis',3),(6,'Evaluation',3),(7,'Analysis',4),(8,'Evaluation',4),(9,'Analysis',5),(10,'Evaluation',5),(11,'Analysis',6),(12,'Evaluation',6),(13,'Analysis',7),(14,'Evaluation',7),(15,'Analysis',8),(16,'Evaluation',8),(17,'Analysis',9),(18,'Evaluation',9),(19,'Test Area',1);
/*!40000 ALTER TABLE `group` ENABLE KEYS */;
UNLOCK TABLES;

--
-- Table structure for table `groupdetails`
--

DROP TABLE IF EXISTS `groupdetails`;
/*!40101 SET @saved_cs_client     = @@character_set_client */;
 SET character_set_client = utf8mb4 ;
CREATE TABLE `groupdetails` (
  `Groupdetails_ID` int(11) NOT NULL,
  `Group_Leader_ID` int(11) DEFAULT NULL,
  `Group_Member_ID` int(11) DEFAULT NULL
) ENGINE=InnoDB DEFAULT CHARSET=utf8mb4 COLLATE=utf8_general_ci;
/*!40101 SET character_set_client = @saved_cs_client */;

--
-- Dumping data for table `groupdetails`
--

LOCK TABLES `groupdetails` WRITE;
/*!40000 ALTER TABLE `groupdetails` DISABLE KEYS */;
/*!40000 ALTER TABLE `groupdetails` ENABLE KEYS */;
UNLOCK TABLES;

--
-- Table structure for table `plans`
--

DROP TABLE IF EXISTS `plans`;
/*!40101 SET @saved_cs_client     = @@character_set_client */;
 SET character_set_client = utf8mb4 ;
CREATE TABLE `plans` (
  `Plan_ID` int(11) NOT NULL AUTO_INCREMENT,
  `GenObjective` varchar(200) NOT NULL,
  `Measurement` varchar(200) NOT NULL,
  `BaseFormula` varchar(200) NOT NULL,
  `QualityTarget` varchar(200) NOT NULL,
  `Procedures` varchar(500) NOT NULL,
  `GroupAssigned` int(11) DEFAULT NULL,
  `CycleTime` int(11) DEFAULT NULL,
  `PriorityLevel` varchar(45) DEFAULT NULL,
  `BaseStandard` varchar(200) DEFAULT NULL,
  `recommendation_ID` int(11) DEFAULT NULL,
  PRIMARY KEY (`Plan_ID`)
) ENGINE=InnoDB AUTO_INCREMENT=8 DEFAULT CHARSET=utf8mb4 COLLATE=utf8_general_ci;
/*!40101 SET character_set_client = @saved_cs_client */;

--
-- Dumping data for table `plans`
--

LOCK TABLES `plans` WRITE;
/*!40000 ALTER TABLE `plans` DISABLE KEYS */;
INSERT INTO `plans` VALUES (1,'1','2','3','4','5',NULL,NULL,NULL,NULL,NULL),(2,'1','2','3','4','5',NULL,NULL,NULL,NULL,NULL),(3,'1','2','3','4','5',NULL,NULL,NULL,NULL,NULL),(4,'1','2','3','4','5',NULL,NULL,NULL,NULL,NULL),(5,'1','2','3','4','5',NULL,NULL,NULL,NULL,NULL),(6,'1','2','3','4','5',NULL,NULL,NULL,NULL,NULL),(7,'TEST','TEST','TEST','TEST','TEST',NULL,NULL,NULL,NULL,NULL);
/*!40000 ALTER TABLE `plans` ENABLE KEYS */;
UNLOCK TABLES;

--
-- Table structure for table `recommendation`
--

DROP TABLE IF EXISTS `recommendation`;
/*!40101 SET @saved_cs_client     = @@character_set_client */;
 SET character_set_client = utf8mb4 ;
CREATE TABLE `recommendation` (
  `recommendation_ID` int(11) NOT NULL AUTO_INCREMENT,
  `recommendation_Name` varchar(45) DEFAULT NULL,
  `recommendation_Desc` varchar(200) DEFAULT NULL,
  `recommendation_Grade` varchar(45) DEFAULT NULL,
  `priority_Level` varchar(45) DEFAULT NULL,
  `status` datetime DEFAULT NULL,
  PRIMARY KEY (`recommendation_ID`)
) ENGINE=InnoDB AUTO_INCREMENT=3 DEFAULT CHARSET=utf8mb4 COLLATE=utf8_general_ci;
/*!40101 SET character_set_client = @saved_cs_client */;

--
-- Dumping data for table `recommendation`
--

LOCK TABLES `recommendation` WRITE;
/*!40000 ALTER TABLE `recommendation` DISABLE KEYS */;
INSERT INTO `recommendation` VALUES (1,'TEST','TEST','B','Medium',NULL),(2,'1','2','A','High','2019-06-29 00:00:00');
/*!40000 ALTER TABLE `recommendation` ENABLE KEYS */;
UNLOCK TABLES;

--
-- Table structure for table `roles`
--

DROP TABLE IF EXISTS `roles`;
/*!40101 SET @saved_cs_client     = @@character_set_client */;
 SET character_set_client = utf8mb4 ;
CREATE TABLE `roles` (
  `Role_ID` int(11) NOT NULL,
  `Role_Name` varchar(45) DEFAULT NULL,
  PRIMARY KEY (`Role_ID`)
) ENGINE=InnoDB DEFAULT CHARSET=utf8mb4 COLLATE=utf8_general_ci;
/*!40101 SET character_set_client = @saved_cs_client */;

--
-- Dumping data for table `roles`
--

LOCK TABLES `roles` WRITE;
/*!40000 ALTER TABLE `roles` DISABLE KEYS */;
INSERT INTO `roles` VALUES (1,'Admin'),(2,'QA Officer'),(3,'Group Leader'),(4,'Group Member');
/*!40000 ALTER TABLE `roles` ENABLE KEYS */;
UNLOCK TABLES;

--
-- Table structure for table `users`
--

DROP TABLE IF EXISTS `users`;
/*!40101 SET @saved_cs_client     = @@character_set_client */;
 SET character_set_client = utf8mb4 ;
CREATE TABLE `users` (
  `User_ID` int(11) NOT NULL AUTO_INCREMENT,
  `User_First` varchar(45) DEFAULT NULL,
  `User_Last` varchar(45) DEFAULT NULL,
  `email_address` varchar(45) DEFAULT NULL,
  `Role` int(11) DEFAULT NULL,
  `Group` int(11) DEFAULT NULL,
  `ContactNo` varchar(12) DEFAULT NULL,
  `username` varchar(45) DEFAULT NULL,
  `passwd` varchar(100) DEFAULT NULL,
  PRIMARY KEY (`User_ID`),
  UNIQUE KEY `username_UNIQUE` (`username`)
) ENGINE=InnoDB AUTO_INCREMENT=20 DEFAULT CHARSET=utf8mb4 COLLATE=utf8_general_ci;
/*!40101 SET character_set_client = @saved_cs_client */;

--
-- Dumping data for table `users`
--

LOCK TABLES `users` WRITE;
/*!40000 ALTER TABLE `users` DISABLE KEYS */;
INSERT INTO `users` VALUES (19,'admin','admin','debug@debug.com',1,NULL,'99999999999','Admin','$2b$10$b0yHVAlc2Na94ldTZQU.X.v.l.sDBOY1zBn6UzYwHkkUjIPpjtmo2');
/*!40000 ALTER TABLE `users` ENABLE KEYS */;
UNLOCK TABLES;
/*!40103 SET TIME_ZONE=@OLD_TIME_ZONE */;

/*!40101 SET SQL_MODE=@OLD_SQL_MODE */;
/*!40014 SET FOREIGN_KEY_CHECKS=@OLD_FOREIGN_KEY_CHECKS */;
/*!40014 SET UNIQUE_CHECKS=@OLD_UNIQUE_CHECKS */;
/*!40101 SET CHARACTER_SET_CLIENT=@OLD_CHARACTER_SET_CLIENT */;
/*!40101 SET CHARACTER_SET_RESULTS=@OLD_CHARACTER_SET_RESULTS */;
/*!40101 SET COLLATION_CONNECTION=@OLD_COLLATION_CONNECTION */;
/*!40111 SET SQL_NOTES=@OLD_SQL_NOTES */;

-- Dump completed on 2019-07-01 23:47:40
